{"client_meta":{"background_color":{"r":0.8980392217636108,"g":0.8980392217636108,"b":0.8980392217636108,"a":1},"thumbnail_size":{"width":400,"height":231},"render_coordinates":{"x":-28992,"y":-17600,"width":67904,"height":39168}},"file_name":"Dynapark - FV","developer_related_links":[]}